CBPDCNCL-N48GE2B-RT07;Eth1/1;2024;SLAC-USD-CKMS-STAG-P-CKMS
CBPDCNCL-N48GE2B-RT07;Eth1/2;2023;SLAC-USD-CKMS-STAG-P-CKMS
CBPDCNCL-N48GE2B-RT07;Eth1/3;2023;SLAC-USD-CKMS-STAG-P-CKMS
CBPDCNCL-N48GE2B-RT07;Eth1/4;2022;SLAC-UPD-CKMS-PROD-P-CKMS
CBPDCNCL-N48GE2B-RT07;Eth1/5;2021;SLAC-UPD-CKMS-PROD-P-CKMS
CBPDCNCL-N48GE2B-RT07;Eth1/6;2021;SLAC-UPD-CKMS-PROD-P-CKMS
CBPDCNCL-N48GE2B-RT08;Eth1/1;2024;SLAC-USD-CKMS-STAG-P-CKMS
CBPDCNCL-N48GE2B-RT08;Eth1/2;2023;SLAC-USD-CKMS-STAG-P-CKMS
CBPDCNCL-N48GE2B-RT08;Eth1/3;2023;SLAC-USD-CKMS-STAG-P-CKMS
CBPDCNCL-N48GE2B-RT08;Eth1/4;2022;SLAC-UPD-CKMS-PROD-P-CKMS
CBPDCNCL-N48GE2B-RT08;Eth1/5;2021;SLAC-UPD-CKMS-PROD-P-CKMS
CBPDCNCL-N48GE2B-RT08;Eth1/6;2021;SLAC-UPD-CKMS-PROD-P-CKMS
