CBPDCNCL-N09IRH2-RT09;e1/1;507;SLAC-UPD-AAUNSWJ97-P1
CBPDCNCL-N09IRH2-RT09;e1/2;520;SLAC-UPD-AAUNSWT381-P1
CBPDCNCL-N09IRH2-RT09;e1/3;700;SLAC-UPD-AAUNSWT764-Prod1
CBPDCNCL-N09IRH2-RT09;e1/4;701;SLAC-UPD-AAUNSWT764-Prod2
CBPDCNCL-N09IRH2-RT09;e1/5;230;SLAC-UPD-AUIRSSPL015-Master_Data1
CBPDCNCL-N09IRH2-RT09;e1/6;117;SLAC-UPD-CSPARQCREFB01_117_1
CBPDCNCL-N09IRH2-RT09;e1/7;118;SLAC-UPD-CSPARQCREFB01_118_1
CBPDCNCL-N09IRH2-RT09;e1/8;117;SLAC-UPD-CSPARQMREFB01_117_1
CBPDCNCL-N09IRH2-RT09;e1/9;118;SLAC-UPD-CSPARQMREFB01_118_1
CBPDCNCL-N09IRH2-RT09;e1/10;700;SLAC-UPD-dm01db01-P1
CBPDCNCL-N09IRH2-RT09;e1/11;700;SLAC-UPD-dm01db02-P1
CBPDCNCL-N09IRH2-RT09;e1/12;700;SLAC-UPD-dm01db03-P1
CBPDCNCL-N09IRH2-RT09;e1/13;700;SLAC-UPD-dm01db04-P1
CBPDCNCL-N09IRH2-RT09;e1/14;517;SLAC-UPD-dm60db01-Prod1
CBPDCNCL-N09IRH2-RT09;e1/15;517;SLAC-UPD-dm60db02-Prod1
CBPDCNCL-N09IRH2-RT09;e1/16;517;SLAC-UPD-dm60db03-Prod1
CBPDCNCL-N09IRH2-RT09;e1/17;517;SLAC-UPD-dm60db04-Prod1
CBPDCNCL-N09IRH2-RT09;e1/18;113,701;SLAC-UPD-dm62db01-Prod1
CBPDCNCL-N09IRH2-RT09;e1/19;113,701;SLAC-UPD-dm62db02-Prod1
CBPDCNCL-N09IRH2-RT09;e1/20;115,130;SLAC-UPD-dm64db01-Prod1
CBPDCNCL-N09IRH2-RT09;e1/21;115,130;SLAC-UPD-dm64db02-Prod1
CBPDCNCL-N09IRH2-RT09;e1/22;700;SLAC-UPD-IAUNSW039-Prod#1
CBPDCNCL-N09IRH2-RT09;e1/23;507;SLAC-UPD-IAUNSW463-Prod#1
CBPDCNCL-N09IRH2-RT09;e1/24;756;SLAC-UPD-IAUNSW475-Prod#1
CBPDCNCL-N09IRH2-RT09;e1/25;232;SLAC-UPD-NSAUNSWE04-Storage_Mngt1
CBPDCNCL-N09IRH2-RT10;e1/1;521;SLAC-UPD-AAUNSWJ97-P2
CBPDCNCL-N09IRH2-RT10;e1/2;520;SLAC-UPD-AAUNSWT381-P2
CBPDCNCL-N09IRH2-RT10;e1/3;700;SLAC-UPD-AAUNSWT764-Prod3
CBPDCNCL-N09IRH2-RT10;e1/4;701;SLAC-UPD-AAUNSWT764-Prod4
CBPDCNCL-N09IRH2-RT10;e1/5;230;SLAC-UPD-AUIRSSPL015-Master_Data2
CBPDCNCL-N09IRH2-RT10;e1/6;117;SLAC-UPD-CSPARQCREFB01_117_2
CBPDCNCL-N09IRH2-RT10;e1/7;118;SLAC-UPD-CSPARQCREFB01_118_2
CBPDCNCL-N09IRH2-RT10;e1/8;117;SLAC-UPD-CSPARQMREFB01_117_2
CBPDCNCL-N09IRH2-RT10;e1/9;118;SLAC-UPD-CSPARQMREFB01_118_2
CBPDCNCL-N09IRH2-RT10;e1/10;700;SLAC-UPD-dm01db01-P2
CBPDCNCL-N09IRH2-RT10;e1/11;700;SLAC-UPD-dm01db02-P2
CBPDCNCL-N09IRH2-RT10;e1/12;700;SLAC-UPD-dm01db03-P2
CBPDCNCL-N09IRH2-RT10;e1/13;700;SLAC-UPD-dm01db04-P2
CBPDCNCL-N09IRH2-RT10;e1/14;517;SLAC-UPD-dm60db01-Prod2
CBPDCNCL-N09IRH2-RT10;e1/15;517;SLAC-UPD-dm60db02-Prod2
CBPDCNCL-N09IRH2-RT10;e1/16;517;SLAC-UPD-dm60db03-Prod2
CBPDCNCL-N09IRH2-RT10;e1/17;517;SLAC-UPD-dm60db04-Prod2
CBPDCNCL-N09IRH2-RT10;e1/18;113,701;SLAC-UPD-dm62db01-Prod2
CBPDCNCL-N09IRH2-RT10;e1/19;113,701;SLAC-UPD-dm62db02-Prod2
CBPDCNCL-N09IRH2-RT10;e1/20;115,130;SLAC-UPD-dm64db01-Prod2
CBPDCNCL-N09IRH2-RT10;e1/21;115,130;SLAC-UPD-dm64db02-Prod2
CBPDCNCL-N09IRH2-RT10;e1/22;700;SLAC-UPD-IAUNSW039-Prod#2
CBPDCNCL-N09IRH2-RT10;e1/23;700;SLAC-UPD-IAUNSW463-Prod#2
CBPDCNCL-N09IRH2-RT10;e1/24;756;SLAC-UPD-IAUNSW475-Prod#2
CBPDCNCL-N09IRH2-RT10;e1/25;232;SLAC-UPD-NSAUNSWE04-Storage_Mngt2
